system_id,split,sequence_length,official_pocket_count,pocket_6a_count,embedding_dim,full_norm,official_norm,pocket_6a_norm,cosine_full_official,cosine_full_pocket_6a,cosine_official_pocket_6a,device,model,representation_layer
3wik__1__1.A__1.B,train,340,20,20,320,3.8956680297851562,4.09078311920166,4.09078311920166,0.6520945429801941,0.6520945429801941,0.9999998807907104,mps,esm2_t6_8M_UR50D,6
5wim__1__1.A__1.B,train,277,24,24,320,3.9969642162323,3.9408254623413086,3.9408254623413086,0.7727118134498596,0.7727118134498596,1.0,mps,esm2_t6_8M_UR50D,6
5wio__1__1.A__1.E,val,163,15,13,320,5.6976823806762695,5.807206153869629,5.815183162689209,0.990119457244873,0.9881633520126343,0.998742401599884,mps,esm2_t6_8M_UR50D,6
5wip__1__1.A__1.E,val,163,20,19,320,5.6976823806762695,5.784942150115967,5.789259433746338,0.9939102530479431,0.9932500720024109,0.9996256232261658,mps,esm2_t6_8M_UR50D,6
5wi0__2__1.B__1.D,test,491,21,21,320,5.639563083648682,5.783930778503418,5.783930778503418,0.9853789806365967,0.9853789806365967,1.0000001192092896,mps,esm2_t6_8M_UR50D,6
5wi1__2__1.B__1.E,test,491,18,18,320,5.639563083648682,5.797307014465332,5.797307014465332,0.9849832057952881,0.9849832057952881,1.0,mps,esm2_t6_8M_UR50D,6
